1|https://cf.bstatic.com/xdata/images/hotel/max1280x900/257686821.jpg?k=61714115c5f56d1e6ea3da7eb91b0ea62b49516dd8c0c14ca88acaa399c0a644&o=&hp=1|1
2|https://cf.bstatic.com/xdata/images/hotel/max1280x900/103045699.jpg?k=73c22d1de88b2f97daa87eeedd4bc03e011055c0e8e06129bf3ddaa721d15f65&o=&hp=1|1
3|https://cf.bstatic.com/xdata/images/hotel/max1280x900/257686816.jpg?k=1d6a48e726997ea25d53d829baae0581c8555585985f73849cacae653fd0eb1a&o=&hp=1|1
4|https://cf.bstatic.com/xdata/images/hotel/max1280x900/345289055.jpg?k=9da6af8aef831e07e09d14366b3e8f841718c3414d1e1adc8622522eecf92a46&o=&hp=1|2
5|https://cf.bstatic.com/xdata/images/hotel/max1280x900/428811750.jpg?k=77212ac1f93e1f9be5991c7c6d3c1fffdfdf242032ad2e4e7700eeed18c12f30&o=&hp=1|2
6|https://cf.bstatic.com/xdata/images/hotel/max1024x768/254871144.jpg?k=78bb1bc12298386ada9dcba82e9fc1f8c0c138c04aacad63bec848267c32892c&o=&hp=1|3
7|https://cf.bstatic.com/xdata/images/hotel/max1024x768/254870872.jpg?k=b14b82f83f79206f4d2c88967932668d02ecc550943291cb58928455132f56e7&o=&hp=1|3
8|https://cf.bstatic.com/xdata/images/hotel/max1024x768/254871134.jpg?k=833be611dff2546bf03baa63efaa04de0d4d35a2fc2209453bbf6e86620e0690&o=&hp=1|3
9|https://cf.bstatic.com/xdata/images/hotel/max1280x900/316041275.jpg?k=a91750ed06264b82d790b55fee095249b715fe84f13006e37533112d8aa2f4ab&o=&hp=1|4
10|https://cf.bstatic.com/xdata/images/hotel/max1280x900/316041268.jpg?k=74f36253a54beec24abfad343a834bb50c8709f7d3344534dad92778c079858c&o=&hp=1|4
11|https://cf.bstatic.com/xdata/images/hotel/max1024x768/245801284.jpg?k=8b661e17b16d831056625c90fe65e81647fed9a08a218fe3cdedd19b45574794&o=&hp=1|5
12|https://cf.bstatic.com/xdata/images/hotel/max1024x768/276629634.jpg?k=5680b22e896c4d5667b6882e89c9dd8f0293613888161029cb032be7140c8076&o=&hp=1|5
13|https://cf.bstatic.com/xdata/images/hotel/max1024x768/307682397.jpg?k=8b1bac9321d7029a4d8dc218b949c595a18a07e0433c91a950f457f9a215c80b&o=&hp=1|5
14|https://cf.bstatic.com/xdata/images/hotel/max1024x768/307682395.jpg?k=f21d6857574f289d92f659bc0ff645b952a0fffbbcea3624ddf21c37d5c92c92&o=&hp=1|5